Date,Category,Region,Units_Sold,Unit_Price,Discount,Sales
2026-01-01,Electronics,Bengaluru,2,4481.26,0.16,7528.52
2026-01-02,Sports,Chennai,7,4493.87,0.03,30513.38
2026-01-03,Home,Chennai,2,2714.58,0.11,4831.95
2026-01-04,Clothing,Bengaluru,8,1750.66,0.1,12604.75
2026-01-05,Clothing,Pune,7,3917.06,0.17,22758.12
2026-01-06,Sports,Chennai,1,3392.89,0.09,3087.53
2026-01-07,Electronics,Hyderabad,9,2024.87,0.08,16765.92
2026-01-08,Home,Pune,5,698.72,0.13,3039.43
2026-01-09,Electronics,Chennai,9,3797.25,0.05,32466.49
2026-01-10,Electronics,Chennai,1,1496.69,0.03,1451.79
2026-01-11,Home,Chennai,2,4699.86,0.1,8459.75
2026-01-12,Sports,Chennai,6,1394.61,0.08,7698.25
2026-01-13,Home,Hyderabad,3,833.1,0.05,2374.34
2026-01-14,Sports,Chennai,4,4197.79,0.07,15615.78
2026-01-15,Home,Pune,8,978.1,0.07,7277.06
2026-01-16,Sports,Bengaluru,2,1101.52,0.07,2048.83
2026-01-17,Home,Chennai,8,3097.07,0.08,22794.44
2026-01-18,Electronics,Hyderabad,2,4404.17,0.14,7575.17
2026-01-19,Sports,Bengaluru,2,1183.06,0.06,2224.15
2026-01-20,Clothing,Bengaluru,7,1724.04,0.19,9775.31
2026-01-21,Home,Pune,9,3942.67,0.18,29096.9
2026-01-22,Clothing,Hyderabad,2,4866.18,0.1,8759.12
2026-01-23,Electronics,Bengaluru,4,2628.52,0.07,9778.09
2026-01-24,Sports,Bengaluru,11,933.51,0.11,9139.06
2026-01-25,Sports,Pune,11,316.2,0.17,2886.91
2026-01-26,Home,Pune,7,1340.87,0.13,8165.9
2026-01-27,Clothing,Hyderabad,5,876.16,0.16,3679.87
2026-01-28,Sports,Hyderabad,4,3468.88,0.11,12349.21
2026-01-29,Home,Pune,7,828.7,0.13,5046.78
2026-01-30,Clothing,Hyderabad,7,2655.07,0.06,17470.36
2026-01-31,Clothing,Pune,4,3547.75,0.15,12062.35
2026-02-01,Electronics,Bengaluru,1,3010.3,0.04,2889.89
2026-02-02,Electronics,Pune,2,1198.93,0.14,2062.16
2026-02-03,Home,Bengaluru,11,4069.59,0.17,37155.36
2026-02-04,Sports,Bengaluru,5,3648.18,0.03,17693.67
2026-02-05,Electronics,Chennai,6,3760.17,0.12,19853.7
2026-02-06,Sports,Hyderabad,6,872.52,0.02,5130.42
2026-02-07,Sports,Chennai,9,837.83,0.15,6409.4
2026-02-08,Clothing,Chennai,1,4655.92,0.02,4562.8
2026-02-09,Home,Pune,1,2138.5,0.19,1732.19
2026-02-10,Electronics,Pune,4,1679.51,0.03,6516.5
2026-02-11,Sports,Chennai,6,2570.77,0.19,12493.94
2026-02-12,Home,Bengaluru,8,3398.61,0.16,22838.66
2026-02-13,Clothing,Bengaluru,6,4789.21,0.12,25287.03
2026-02-14,Electronics,Bengaluru,5,1610.62,0.16,6764.6
2026-02-15,Sports,Pune,11,4642.84,0.16,42899.84
2026-02-16,Clothing,Bengaluru,2,368.08,0.19,596.29
2026-02-17,Sports,Hyderabad,7,2887.19,0.05,19199.81
2026-02-18,Home,Bengaluru,6,3261.38,0.12,17220.09
2026-02-19,Sports,Hyderabad,6,753.01,0.02,4427.7
2026-02-20,Sports,Hyderabad,9,916.61,0.12,7259.55
2026-02-21,Electronics,Hyderabad,3,2240.79,0.03,6520.7
2026-02-22,Clothing,Pune,11,4839.6,0.11,47379.68
2026-02-23,Clothing,Chennai,4,3081.2,0.11,10969.07
2026-02-24,Clothing,Chennai,6,4681.86,0.09,25562.96
2026-02-25,Electronics,Bengaluru,6,4070.71,0.1,21981.83
2026-02-26,Home,Chennai,10,2470.06,0.15,20995.51
2026-02-27,Electronics,Hyderabad,5,3977.63,0.16,16706.05
2026-02-28,Home,Pune,4,334.72,0.1,1204.99
2026-03-01,Home,Chennai,1,768.43,0.12,676.22
2026-03-02,Sports,Pune,5,4189.79,0.19,16968.65
2026-03-03,Home,Hyderabad,10,4034.88,0.02,39541.82
2026-03-04,Clothing,Bengaluru,1,1355.04,0.02,1327.94
2026-03-05,Sports,Chennai,10,2771.16,0.02,27157.37
2026-03-06,Clothing,Bengaluru,6,3128.58,0.13,16331.19
2026-03-07,Clothing,Bengaluru,2,4371.76,0.08,8044.04
2026-03-08,Sports,Hyderabad,4,3114.76,0.15,10590.18
2026-03-09,Clothing,Bengaluru,7,2209.71,0.13,13457.13
2026-03-10,Electronics,Hyderabad,4,2027.37,0.07,7541.82
2026-03-11,Clothing,Bengaluru,2,2272.94,0.18,3727.62
2026-03-12,Sports,Chennai,8,3346.67,0.15,22757.36
2026-03-13,Electronics,Chennai,8,4370.58,0.05,33216.41
2026-03-14,Clothing,Chennai,2,2406.01,0.07,4475.18
2026-03-15,Electronics,Bengaluru,4,1427.24,0.06,5366.42
2026-03-16,Home,Pune,3,1374.15,0.03,3998.78
2026-03-17,Clothing,Hyderabad,8,3793.57,0.03,29438.1
2026-03-18,Clothing,Bengaluru,9,4128.7,0.19,30098.22
2026-03-19,Electronics,Hyderabad,8,750.07,0.09,5460.51
2026-03-20,Home,Bengaluru,11,566.15,0.08,5729.44
2026-03-21,Home,Pune,9,3073.56,0.15,23512.73
2026-03-22,Sports,Bengaluru,4,944.32,0.11,3361.78
2026-03-23,Clothing,Pune,2,4167.15,0.19,6750.78
2026-03-24,Electronics,Bengaluru,7,1724.09,0.16,10137.65
2026-03-25,Sports,Chennai,11,933.39,0.1,9240.56
2026-03-26,Home,Bengaluru,11,4624.61,0.08,46801.05
2026-03-27,Home,Bengaluru,3,1036.28,0.2,2487.07
2026-03-28,Electronics,Pune,3,1602.42,0.14,4134.24
2026-03-29,Clothing,Pune,1,979.66,0.19,793.52
2026-03-30,Sports,Bengaluru,2,798.58,0.02,1565.22
2026-03-31,Sports,Pune,7,350.45,0.17,2036.11
2026-04-01,Clothing,Bengaluru,7,513.13,0.13,3124.96
2026-04-02,Sports,Chennai,5,1079.55,0.02,5289.8
2026-04-03,Sports,Pune,4,503.56,0.12,1772.53
2026-04-04,Clothing,Bengaluru,10,3057.93,0.14,26298.2
2026-04-05,Sports,Chennai,6,3483.39,0.0,20900.34
2026-04-06,Clothing,Bengaluru,9,2119.74,0.09,17360.67
2026-04-07,Electronics,Hyderabad,11,1760.46,0.17,16073.0
2026-04-08,Home,Hyderabad,4,2646.5,0.06,9950.84
2026-04-09,Home,Bengaluru,3,4406.27,0.09,12029.12
2026-04-10,Electronics,Pune,11,4292.88,0.09,42971.73
2026-04-11,Sports,Hyderabad,7,456.51,0.06,3003.84
2026-04-12,Electronics,Bengaluru,4,1112.12,0.18,3647.75
2026-04-13,Sports,Chennai,7,1374.54,0.16,8082.3
2026-04-14,Electronics,Hyderabad,6,1434.59,0.02,8435.39
2026-04-15,Sports,Chennai,10,2963.36,0.2,23706.88
2026-04-16,Sports,Bengaluru,3,2227.25,0.18,5479.04
2026-04-17,Sports,Pune,11,483.96,0.06,5004.15
2026-04-18,Home,Chennai,11,2024.67,0.17,18485.24
2026-04-19,Clothing,Chennai,2,2737.83,0.02,5366.15
2026-04-20,Home,Hyderabad,2,732.94,0.2,1172.7
2026-04-21,Clothing,Bengaluru,6,4208.93,0.13,21970.61
2026-04-22,Sports,Pune,1,496.82,0.13,432.23
2026-04-23,Home,Hyderabad,4,4643.0,0.02,18200.56
2026-04-24,Clothing,Pune,5,720.79,0.18,2955.24
2026-04-25,Home,Bengaluru,11,4256.98,0.01,46358.51
2026-04-26,Home,Chennai,11,4537.6,0.05,47417.92
2026-04-27,Electronics,Chennai,2,4902.96,0.03,9511.74
2026-04-28,Electronics,Bengaluru,10,4059.62,0.16,34100.81
2026-04-29,Electronics,Bengaluru,2,3952.52,0.04,7588.84
2026-04-30,Electronics,Chennai,9,3301.8,0.18,24367.28
